filename,category,title,price,description,detail1,detail2,detail3,detail4,detail5
keychain.jpg,categories,keychain,,,,,,,
postcard.jpg,categories,postcard,,,,,,,
maskingtape.jpg,categories,maskingtape,,,,,,,
keychain1.jpg,keychain,「Haikyuu!!」Hinata Shoyo- 日向翔阳,6,-Fan Art   -Hinata Shoyo   -「Haikyuu!!」Japan‘s Firework Festival Theme   -7cm Single sided white acrylic keychain,,,,,
keychain2.jpg,keychain,「Haikyuu!!」Kageyama Tobio- 影山飞雄,6,-Fan Art   -Kageyama Tobio   -「Haikyuu!!」Japan‘s Firework Festival Theme   -7cm Single sided white acrylic keychain,,,,,
keychain3.jpg,keychain,「Haikyuu!!」Akaashi Keiji- 赤苇京治,6,-Fan Art   -Akaashi Keiji   -「Haikyuu!!」Japan‘s Firework Festival Theme   -7cm Single sided white acrylic keychain,,,,,
keychain4.jpg,keychain,「Haikyuu!!」Bokuto Kōtarō- 木兎光太郎,6,-Fan Art   -Bokuto Kōtarō   -「Haikyuu!!」Japan‘s Firework Festival Theme   -7cm Single sided white acrylic keychain,,,,,
keychain5.jpg,keychain,「Haikyuu!!」Sugawara Koushi- 菅原孝支,6,-Fan Art   -Sugawara Koushi   -「Haikyuu!!」Japan‘s Firework Festival Theme   -7cm Single sided white acrylic keychain,,,,,
keychain6.jpg,keychain,「Haikyuu!!」Sawamura Daichi- 泽村大地,6,-Fan Art   -Sawamura Daichi  -「Haikyuu!!」Japan‘s Firework Festival Theme   -7cm Single sided white acrylic keychain,,,,,
keychain7.jpg,keychain,「Haikyuu!!」Yamaguchi Tadashi- 山口忠,6,-Fan Art   -Yamaguchi Tadashi   -「Haikyuu!!」Japan‘s Firework Festival Theme   -7cm Single sided white acrylic keychain,,,,,
keychain8.jpg,keychain,「Haikyuu!!」Tsukishima Kei- 月岛萤,6,-Fan Art   -Tsukishima Kei  -「Haikyuu!!」Japan‘s Firework Festival Theme   -7cm Single sided white acrylic keychain,,,,,
keychain9.jpg,keychain,「Haikyuu!!」Kozume Kenma- 孤爪研磨,6,-Fan Art   -Kozume Kenma   -「Haikyuu!!」Japan‘s Firework Festival Theme   -7cm Single sided white acrylic keychain,,,,,
keychain10.jpg,keychain,「Haikyuu!!」Kuroo Tetsurou- 黑尾铁朗,6,-Fan Art   -Kuroo Tetsurou   -「Haikyuu!!」Japan‘s Firework Festival Theme   -7cm Single sided white acrylic keychain,,,,,
keychain11.jpg,keychain,「Haikyuu!!」Iwaizumi Hazime- 岩泉一,6,-Fan Art   -Iwaizumi Hazime  -「Haikyuu!!」Japan‘s Firework Festival Theme   -7cm Single sided white acrylic keychain,,,,,
keychain12.jpg,keychain,「Haikyuu!!」Oikawa Tooru- 及川彻,6,-Fan Art   -Iwaizumi Hazime  -「Haikyuu!!」Japan‘s Firework Festival Theme   -7cm Single sided white acrylic keychain,,,,,
keychain13.jpg,keychain,「Haikyuu!!」12 Keychains Set,60,-Fan Art   -「Haikyuu!!」Japan‘s Firework Festival Theme   -7cm Single sided white acrylic keychain   -Contain whole 12 characters keychains in one box.   -Random box( 2 types) will be shipped,2020_06_13_钥匙扣_018.jpg,2020_06_13_钥匙扣_019.jpg,2020_06_13_钥匙扣_022.jpg,2020_06_13_钥匙扣_023,
keychain14.jpg,keychain,「Yuri on Ice」Couple Keychain- Yuri*Victor,15,-Fan Art   -「Yuri on Ice」   -Yuri*Victor with Makkachin Couple Keychain( 1 pair)   -7cm Double sided transparent acrylic keychain   ,2020_06_13_钥匙扣_013.jpg,2020_06_13_钥匙扣_014.jpg,2020_06_13_钥匙扣_020,,
tape1.jpg,maskingtape,「Welcome to Tanuki's Hot Spring Hotel」 Masking Tape 2017,10,"-Original Work   -The masking tape is 10 meters long, contain 7 cute animal patterns   -35cm for one circle",Φâ╢σ╕ª_DX9A8978.jpg,Φâ╢σ╕ª_DX9A8992.jpg,Φâ╢σ╕ª_DX9A8996.jpg,Φâ╢σ╕ª_DX9A8997.jpg,Φâ╢σ╕ª_DX9A8999.jpg
postcard1.jpg,postcard,「Yuri on Ice」Cute Yuri*Victor Postercard,2.5,-Fan Art   -Dimension: 12*15cm,,,,,
postcard2.jpg,postcard,「Yuri on Ice」Yuri*Victor with kotatsu Postercard,2.5,-Fan Art   -Dimension: 12*15cm ,,,,,
postcard3.jpg,postcard,「Yuri on Ice」Postercard set( 2 cards),4,-Fan Art   -Dimension: 12*15cm   -Contain 2 Yuri on Ice postercard,2020_06_13_明信片_015.jpg,2020_06_13_明信片_014.jpg,,,
postcard4.jpg,postcard,「Mo Dao Zu Shi」Postercard V1,2.5,-Fan Art   -Dimension: 12*15cm ,,,,,
postcard5.jpg,postcard,「Mo Dao Zu Shi」Postercard V2,2.5,-Fan Art   -Dimension: 12*15cm ,,,,,
postcard6.jpg,postcard,「Mo Dao Zu Shi」Postercard set( 2 cards),4.5,-Fan Art   -Dimension: 12*15cm   -Contain 2 Mo Dao Zu Shi postercard,2020_06_13_明信片_016.jpg,2020_06_13_明信片_013.jpg,,,
postcard7.jpg,postcard,「Haikyuu!!」Hinata Shoyo- 日向翔阳 Postercard,2.5,-Fan Art   -Dimension: 12*15cm ,,,,,
postcard8.jpg,postcard,「Haikyuu!!」Kageyama Tobio- 影山飞雄 Postercard,2.5,-Fan Art   -Dimension: 12*15cm ,,,,,
postcard9.jpg,postcard,「Haikyuu!」Postercard set( 2 cards),4.5,-Fan Art   -Dimension: 12*15cm   -Contain Hinata Shoyo and Kageyama Tobio volleyball serve postercard,2020_06_13_明信片_011.jpg,2020_06_13_明信片_002.jpg,,,
postcard10.jpg,postcard,「Hannibal」Murder Family Postercard V1,2.5,-Fan Art   -Dimension: 12*15cm ,,,,,
postcard11.jpg,postcard,「Hannibal」Murder Family Postercard V2,2.5,-Fan Art   -Dimension: 12*15cm ,,,,,
postcard12.jpg,postcard,「Hannibal」Murder Family Postercard V3,2.5,-Fan Art   -Dimension: 12*15cm ,,,,,
postcard13.jpg,postcard,「Hannibal」Postercard Set( 3 cards),6.5,-Fan Art   -Dimension: 12*15cm   -Contain 2 Mo Dao Zu Shi postercard,2020_06_13_明信片_021.jpg,2020_06_13_明信片_023.jpg,2020_06_13_明信片_019.jpg,,
postcard14.jpg,postcard,「Lminimalism Animal」PANDA Postercard,2.5,-Original Work   -Dimension: 12*15cm ,,,,,
postcard15.jpg,postcard,「Lminimalism Animal」CANADA GOOSE Postercard,2.5,-Original Work   -Dimension: 12*15cm ,,,,,
postcard16.jpg,postcard,「Lminimalism Animal」POLAR BEAR Postercard,2.5,-Original Work   -Dimension: 12*15cm ,,,,,
postcard17.jpg,postcard,「Lminimalism Animal」ARCTIC FOX Postercard,2.5,-Original Work   -Dimension: 12*15cm ,,,,,
postcard18.jpg,postcard,「Lminimalism Animal」Postercard set( 4 cards),8,-Original Work   -Dimension: 12*15cm   -Contain whole 4 animal postercard,,,,,
postcard19.jpg,postcard,「Ordinary Days」Postercard- Napping,2.5,-Original Work   -Dimension: 12*15cm ,,,,,
postcard20.jpg,postcard,「Ordinary Days」Postercard- Toy Store Advanture,2.5,-Original Work   -Dimension: 12*15cm ,,,,,
postcard21.jpg,postcard,「Ordinary Days」Postercard Set( 2 cards),4.5,-Original Work   -Dimension: 12*15cm   -Contain whole 2 postercard,,,,,
postcard22.jpg,postcard,「Welcome to Tanuki's Hot Spring Hotel」Poster Card,2.5,-Original Work   -Dimension: 12*15cm   -Include all patterns from masking tape of same name,2020_06_13_明信片_006.jpg,2020_06_13_明信片_005.jpg,2020_06_13_明信片_003.jpg,,
postcard23.jpg,postcard,「Wei Zhuang Zhe」Postercard,2.5,-Fan Art   -Dimension: 12*15cm ,,,,,
postcard24.jpg,postcard,「Captain Jack Sparrow」Postercard,2.5,-Fan Art   -Dimension: 12*15cm ,,,,,
,,,,,,,,,